"","model_coefficient","standard_error","p"
"intercept",-6.64228827268816,3.1656612905563,0.0358847550830451
"maximum temperature",0.29440593952887,0.117253180281401,0.0120438558142415
